-- Insert comprehensive sample data for TiNHiH Healthcare Management System

-- Recovery Notes Sample Data
INSERT INTO clinical_notes (patient_id, practitioner_id, title, subjective, objective, assessment, plan) VALUES
((SELECT id FROM patients WHERE user_id IN (SELECT id FROM users WHERE email LIKE '%johnson%') LIMIT 1), (SELECT id FROM practitioners LIMIT 1), 'Annual Physical Examination', 'Patient reports feeling well overall. Regular exercise routine, balanced diet, good sleep. Current medications: Lisinopril 10mg daily, Metformin 500mg twice daily.', 'Vital Signs: BP 128/82 mmHg, HR 72 bpm, Weight 165 lbs, Height 5''6", BMI 26.6. General appearance normal, cardiovascular and pulmonary exam clear.', 'Hypertension well controlled. Type 2 DM with good glycemic control. Overweight.', 'Continue current medications. Order HbA1c and CMP in 3 months. Dietary counseling provided.'),
((SELECT id FROM patients WHERE user_id IN (SELECT id FROM users WHERE email LIKE '%smith%') LIMIT 1), (SELECT id FROM practitioners LIMIT 1), 'Upper Respiratory Infection', 'Patient presents with 3-day history of nasal congestion, sore throat, low-grade fever max 100.2°F. Mild headache and body aches.', 'Vital Signs: BP 118/76 mmHg, HR 88 bpm, Temp 99.8°F. Nasal congestion with clear discharge, erythematous posterior pharynx, no lymphadenopathy.', 'Viral upper respiratory infection. No evidence of bacterial infection.', 'Supportive care with rest and fluids. Acetaminophen PRN. Saline nasal rinses. Return if worsening.'),
((SELECT id FROM patients WHERE user_id IN (SELECT id FROM users WHERE email LIKE '%williams%') LIMIT 1), (SELECT id FROM practitioners LIMIT 1), 'Anxiety Depression Follow-up', 'Patient returns for GAD and MDD follow-up. Started sertraline 50mg daily 6 weeks ago. Significant mood improvement, better sleep, decreased panic episodes.', 'Alert, cooperative, appropriate affect. PHQ-9 score: 8 (down from 16). GAD-7 score: 9 (down from 18).', 'GAD and MDD improving on sertraline therapy.', 'Continue sertraline 50mg daily. Continue weekly CBT. Follow-up in 4 weeks.'),
((SELECT id FROM patients WHERE user_id IN (SELECT id FROM users WHERE email LIKE '%brown%') LIMIT 1), (SELECT id FROM practitioners LIMIT 1), 'Chronic Back Pain Evaluation', 'Chronic low back pain 8 months, 6/10 severity, worse with sitting and bending. Works at desk 8 hours daily. PT for 6 weeks with minimal improvement.', 'Limited forward flexion to 45 degrees, negative SLR bilaterally. Lumbar spine tenderness L4-L5. MRI shows mild DDD L4-L5 with small central disc protrusion.', 'Chronic mechanical low back pain secondary to degenerative disc disease L4-L5.', 'Ergonomic evaluation recommended. Gabapentin 300mg TID. Continue PT with core strengthening.'),
((SELECT id FROM patients WHERE user_id IN (SELECT id FROM users WHERE email LIKE '%davis%') LIMIT 1), (SELECT id FROM practitioners LIMIT 1), 'Well Child Check - 5 Years', 'Parent reports child doing well. Eating variety, appropriate growth, sleeping 10-11 hours. Starting kindergarten next month.', 'Height 42 inches (50th percentile), Weight 40 lbs (45th percentile), BMI 16.2. Well-appearing, interactive child. Age-appropriate development.', 'Healthy 5-year-old with normal growth and development. Ready for kindergarten.', 'Administer DTaP, IPV, MMR vaccines. Vision/hearing screening normal. Next visit at age 6.'),
((SELECT id FROM patients WHERE user_id IN (SELECT id FROM users WHERE email LIKE '%miller%') LIMIT 1), (SELECT id FROM practitioners LIMIT 1), 'Urinary Tract Infection', '2-day history of dysuria, frequency, urgency. Burning with urination, incomplete emptying. No fever or back pain.', 'Mild suprapubic tenderness, no CVA tenderness. Urinalysis: positive leukocyte esterase, nitrites, >50 WBCs/hpf.', 'Uncomplicated urinary tract infection, likely cystitis.', 'Prescribed nitrofurantoin 100mg BID x 5 days. Increase fluids. Complete antibiotic course.'),
((SELECT id FROM patients WHERE user_id IN (SELECT id FROM users WHERE email LIKE '%wilson%') LIMIT 1), (SELECT id FROM practitioners LIMIT 1), 'Hypertension Management', 'Following up HTN and hyperlipidemia. Taking amlodipine 5mg daily, atorvastatin 20mg HS. Home BP averaging 135/85.', 'BP 138/86 mmHg. Recent labs: Total chol 185, LDL 110, HDL 45, TG 150.', 'Hypertension not at goal. Hyperlipidemia improved but LDL above target.', 'Increase amlodipine to 10mg daily. Continue atorvastatin. Recheck lipids in 6 weeks.'),
((SELECT id FROM patients WHERE user_id IN (SELECT id FROM users WHERE email LIKE '%moore%') LIMIT 1), (SELECT id FROM practitioners LIMIT 1), 'Acute Migraine Headache', 'Severe left-sided throbbing headache 4 hours duration. Associated nausea, vomiting, photophobia. Similar to previous migraines but more severe.', 'Alert and oriented, photophobic. Cranial nerves intact, no focal deficits. No papilledema on fundoscopy.', 'Acute migraine headache without aura.', 'Sumatriptan 6mg SC injection administered. IV fluids and ondansetron for nausea.'),
((SELECT id FROM patients WHERE user_id IN (SELECT id FROM users WHERE email LIKE '%taylor%') LIMIT 1), (SELECT id FROM practitioners LIMIT 1), 'Pre-operative Clearance', 'Scheduled for laparoscopic cholecystectomy. History of gallstones with recurrent biliary colic. Generally healthy.', 'Well-appearing. Cardiovascular: RRR, no murmurs. Pulmonary: CTA bilaterally. Recent labs and EKG normal.', 'Healthy 35-year-old cleared for elective laparoscopic cholecystectomy. Low perioperative risk.', 'Cleared for surgery - ASA Class I. NPO after midnight. Post-op follow-up as scheduled.'),
((SELECT id FROM patients WHERE user_id IN (SELECT id FROM users WHERE email LIKE '%anderson%') LIMIT 1), (SELECT id FROM practitioners LIMIT 1), 'Diabetes Management', 'Type 2 DM follow-up. On metformin 1000mg BID and insulin glargine 24 units HS. Home glucose 120-180 fasting.', 'No foot ulcers or deformities. Sensation intact to monofilament. Recent HbA1c: 7.2%, microalbumin normal.', 'Type 2 DM with good overall control. HbA1c slightly above goal.', 'Continue current regimen. Consider increasing insulin to 26 units if AM glucose >130.');

-- Appointments Sample Data  
INSERT INTO appointments (patient_id, practitioner_id, title, description, appointment_date, duration, type, status, notes) VALUES
((SELECT id FROM patients WHERE user_id IN (SELECT id FROM users WHERE email LIKE '%johnson%') LIMIT 1), (SELECT id FROM practitioners LIMIT 1), 'Annual Physical Examination', 'Comprehensive annual physical exam including preventive care screening', '2025-08-15 09:00:00', 60, 'routine', 'confirmed', 'Fasting labs needed at 8:30 AM'),
((SELECT id FROM patients WHERE user_id IN (SELECT id FROM users WHERE email LIKE '%smith%') LIMIT 1), (SELECT id FROM practitioners LIMIT 1), 'URI Follow-up', 'Follow-up for upper respiratory infection treatment progress', '2025-08-02 14:30:00', 30, 'follow_up', 'completed', 'Patient improved significantly'),
((SELECT id FROM patients WHERE user_id IN (SELECT id FROM users WHERE email LIKE '%williams%') LIMIT 1), (SELECT id FROM practitioners LIMIT 1), 'Mental Health Follow-up', 'Psychiatric follow-up for anxiety and depression management', '2025-08-20 11:00:00', 30, 'follow_up', 'confirmed', 'Bring PHQ-9 and GAD-7 questionnaires'),
((SELECT id FROM patients WHERE user_id IN (SELECT id FROM users WHERE email LIKE '%brown%') LIMIT 1), (SELECT id FROM practitioners LIMIT 1), 'Back Pain Evaluation', 'Orthopedic consultation for chronic lower back pain', '2025-08-25 15:00:00', 60, 'consultation', 'confirmed', 'Bring MRI results and PT notes'),
((SELECT id FROM patients WHERE user_id IN (SELECT id FROM users WHERE email LIKE '%davis%') LIMIT 1), (SELECT id FROM practitioners LIMIT 1), 'Well Child Check', 'Annual well-child exam with immunizations', '2025-09-10 10:00:00', 30, 'routine', 'scheduled', 'School physical form needed'),
((SELECT id FROM patients WHERE user_id IN (SELECT id FROM users WHERE email LIKE '%miller%') LIMIT 1), (SELECT id FROM practitioners LIMIT 1), 'UTI Follow-up', 'Follow-up to ensure UTI resolution', '2025-08-08 16:00:00', 15, 'follow_up', 'scheduled', 'Urinalysis 15 minutes before appointment'),
((SELECT id FROM patients WHERE user_id IN (SELECT id FROM users WHERE email LIKE '%wilson%') LIMIT 1), (SELECT id FROM practitioners LIMIT 1), 'Hypertension Management', 'Blood pressure monitoring and medication adjustment', '2025-08-30 13:00:00', 30, 'follow_up', 'scheduled', 'Bring home BP log'),
((SELECT id FROM patients WHERE user_id IN (SELECT id FROM users WHERE email LIKE '%moore%') LIMIT 1), (SELECT id FROM practitioners LIMIT 1), 'Migraine Consultation', 'Neurology consultation for recurrent migraines', '2025-09-05 14:00:00', 60, 'consultation', 'scheduled', 'Bring headache diary'),
((SELECT id FROM patients WHERE user_id IN (SELECT id FROM users WHERE email LIKE '%taylor%') LIMIT 1), (SELECT id FROM practitioners LIMIT 1), 'Post-Surgical Follow-up', 'Post-op follow-up after cholecystectomy', '2025-08-12 11:30:00', 30, 'follow_up', 'completed', 'Surgical sites healing well'),
((SELECT id FROM patients WHERE user_id IN (SELECT id FROM users WHERE email LIKE '%anderson%') LIMIT 1), (SELECT id FROM practitioners LIMIT 1), 'Diabetes Management', 'Quarterly diabetes follow-up with labs', '2025-09-15 08:30:00', 60, 'routine', 'scheduled', 'Fasting required for labs');

-- Telehealth Sessions Sample Data
INSERT INTO telehealth_sessions (patient_id, practitioner_id, platform, meeting_url, meeting_id, status, session_started_at, session_ended_at, session_notes, metadata) VALUES
((SELECT id FROM patients WHERE user_id IN (SELECT id FROM users WHERE email LIKE '%johnson%') LIMIT 1), (SELECT id FROM practitioners LIMIT 1), 'zoom', 'https://zoom.us/j/123456789', 'zoom_001', 'completed', '2025-07-25 14:00:00', '2025-07-25 14:30:00', 'Telehealth follow-up for hypertension. BP readings reviewed. Patient prefers virtual visits.', '{"duration_minutes": 30, "connection_quality": "excellent", "patient_satisfaction": "high"}'),
((SELECT id FROM patients WHERE user_id IN (SELECT id FROM users WHERE email LIKE '%smith%') LIMIT 1), (SELECT id FROM practitioners LIMIT 1), 'teams', 'https://teams.microsoft.com/l/meetup-join/abc123', 'teams_002', 'completed', '2025-07-26 10:00:00', '2025-07-26 10:45:00', 'Mental health counseling via Teams. Discussed coping strategies for work stress.', '{"duration_minutes": 45, "connection_quality": "good", "therapy_type": "cognitive_behavioral"}'),
((SELECT id FROM patients WHERE user_id IN (SELECT id FROM users WHERE email LIKE '%williams%') LIMIT 1), (SELECT id FROM practitioners LIMIT 1), 'google_meet', 'https://meet.google.com/abc-defg-hij', 'gmeet_003', 'completed', '2025-07-27 16:30:00', '2025-07-27 17:00:00', 'Diabetes education session. Reviewed carb counting and insulin techniques.', '{"duration_minutes": 30, "connection_quality": "fair", "technical_issues": "audio_intermittent"}'),
((SELECT id FROM patients WHERE user_id IN (SELECT id FROM users WHERE email LIKE '%brown%') LIMIT 1), (SELECT id FROM practitioners LIMIT 1), 'zoom', 'https://zoom.us/j/987654321', 'zoom_004', 'no_show', NULL, NULL, 'Patient did not attend scheduled telehealth appointment.', '{"no_show_reason": "unknown", "contact_attempts": 2, "reschedule_offered": true}'),
((SELECT id FROM patients WHERE user_id IN (SELECT id FROM users WHERE email LIKE '%davis%') LIMIT 1), (SELECT id FROM practitioners LIMIT 1), 'teams', 'https://teams.microsoft.com/l/meetup-join/def456', 'teams_005', 'completed', '2025-07-24 15:00:00', '2025-07-24 15:20:00', 'Pediatric consultation with parent present. Child healthy, discussed recent cold symptoms.', '{"duration_minutes": 20, "connection_quality": "excellent", "parent_present": true}'),
((SELECT id FROM patients WHERE user_id IN (SELECT id FROM users WHERE email LIKE '%miller%') LIMIT 1), (SELECT id FROM practitioners LIMIT 1), 'zoom', 'https://zoom.us/j/456789123', 'zoom_006', 'technical_issues', '2025-07-28 11:00:00', '2025-07-28 11:15:00', 'Session terminated early due to connection issues. Rescheduled for in-person.', '{"duration_minutes": 15, "connection_quality": "poor", "issue_type": "connection_unstable"}'),
((SELECT id FROM patients WHERE user_id IN (SELECT id FROM users WHERE email LIKE '%wilson%') LIMIT 1), (SELECT id FROM practitioners LIMIT 1), 'google_meet', 'https://meet.google.com/xyz-uvwx-yz', 'gmeet_007', 'scheduled', NULL, NULL, NULL, '{"pre_visit_prep": true, "reminder_sent": true, "appointment_date": "2025-07-29T13:30:00"}'),
((SELECT id FROM patients WHERE user_id IN (SELECT id FROM users WHERE email LIKE '%moore%') LIMIT 1), (SELECT id FROM practitioners LIMIT 1), 'teams', 'https://teams.microsoft.com/l/meetup-join/ghi789', 'teams_008', 'completed', '2025-07-23 08:00:00', '2025-07-23 09:00:00', 'Neurological consultation for migraines. MRI results reviewed via screen sharing.', '{"duration_minutes": 60, "connection_quality": "good", "screen_sharing_used": true}'),
((SELECT id FROM patients WHERE user_id IN (SELECT id FROM users WHERE email LIKE '%taylor%') LIMIT 1), (SELECT id FROM practitioners LIMIT 1), 'zoom', 'https://zoom.us/j/789123456', 'zoom_009', 'completed', '2025-07-22 17:00:00', '2025-07-22 17:30:00', 'Post-op telehealth follow-up. Patient showed surgical sites via video for inspection.', '{"duration_minutes": 30, "connection_quality": "excellent", "post_operative": true}'),
((SELECT id FROM patients WHERE user_id IN (SELECT id FROM users WHERE email LIKE '%anderson%') LIMIT 1), (SELECT id FROM practitioners LIMIT 1), 'google_meet', 'https://meet.google.com/qrs-tuvw-xyz', 'gmeet_010', 'scheduled', NULL, NULL, NULL, '{"diabetes_management": true, "glucose_log_review": true, "appointment_date": "2025-07-30T10:00:00"}');